species,culmen_length_mm,culmen_depth_mm,flipper_length_mm,body_mass_g,sex,encoded_species,scaled_body_mass_g,scaled_culmen_depth_mm,scaled_culmen_length_mm,scaled_flipper_length_mm,island_Biscoe,island_Dream,island_Torgersen
Adelie,39.1,18.7,181.0,3750.0,MALE,0.0,-0.5649662441965437,0.7865967067256678,-0.8857909249606343,-1.420418741969962,0.0,0.0,1.0
Adelie,39.5,17.4,186.0,3800.0,FEMALE,0.0,-0.502435999693237,0.12637224795611504,-0.812310724527298,-1.0638020852721752,0.0,0.0,1.0
Adelie,40.3,18.0,195.0,3250.0,FEMALE,0.0,-1.1902686892296104,0.4310912289266784,-0.6653503236606256,-0.42189210321615866,0.0,0.0,1.0
Adelie,43.92192982456142,17.151169590643278,200.91520467836258,4201.754385964912,NA,0.0,-1.1374185215264635E-15,1.8042988198071124E-15,5.22108226401034E-15,-4.054261997882656E-15,0.0,0.0,1.0
Adelie,36.7,19.3,193.0,3450.0,FEMALE,0.0,-0.9401477112163836,1.091315687696231,-1.3266721275606528,-0.5645387658952734,0.0,0.0,1.0
Adelie,39.3,20.6,190.0,3650.0,MALE,0.0,-0.690026733203157,1.7515401464657838,-0.8490508247439668,-0.7785087599139456,0.0,0.0,1.0
Adelie,38.9,17.8,181.0,3625.0,FEMALE,0.0,-0.7212918554548103,0.32951823526982454,-0.922531025177303,-1.420418741969962,0.0,0.0,1.0
Adelie,39.2,19.6,195.0,4675.0,MALE,0.0,0.5918432791146295,1.2436751781815127,-0.8674208748522999,-0.42189210321615866,0.0,0.0,1.0
Adelie,34.1,18.1,193.0,3475.0,NA,0.0,-0.9088825889647303,0.48187772575510623,-1.8042934303773401,-0.5645387658952734,0.0,0.0,1.0
Adelie,42.0,20.2,190.0,4250.0,NA,0.0,0.06033620083652291,1.5483941591520745,-0.3530594718189451,-0.7785087599139456,0.0,0.0,1.0
Adelie,37.8,17.1,186.0,3300.0,NA,0.0,-1.1277384447263037,-0.02598724252916485,-1.1246015763689785,-1.0638020852721752,0.0,0.0,1.0
Adelie,37.8,17.3,180.0,3700.0,NA,0.0,-0.6274964886998503,0.075585751127689,-1.1246015763689785,-1.4917420733095195,0.0,0.0,1.0
Adelie,41.1,17.6,182.0,3200.0,FEMALE,0.0,-1.2527989337329168,0.2279452416129707,-0.5183899227939519,-1.3490954106304047,0.0,0.0,1.0
Adelie,38.6,21.2,191.0,3800.0,MALE,0.0,-0.502435999693237,2.0562591274363453,-0.9776411755023049,-0.7071854285743883,0.0,0.0,1.0
Adelie,34.6,21.1,198.0,4400.0,MALE,0.0,0.2479269343464429,2.0054726306079194,-1.7124431798356696,-0.20792210919748652,0.0,0.0,1.0
Adelie,36.6,17.8,185.0,3700.0,FEMALE,0.0,-0.6274964886998503,0.32951823526982454,-1.3450421776689871,-1.1351254166117326,0.0,0.0,1.0
Adelie,38.7,19.0,195.0,3450.0,FEMALE,0.0,-0.9401477112163836,0.9389561972109495,-0.9592711253939704,-0.42189210321615866,0.0,0.0,1.0
Adelie,42.5,20.7,197.0,4500.0,MALE,0.0,0.37298742335305624,1.80232664329421,-0.2612092212772745,-0.2792454405370439,0.0,0.0,1.0
Adelie,34.4,18.4,184.0,3325.0,FEMALE,0.0,-1.0964733224746503,0.6342372162403861,-1.7491832800523384,-1.20644874795129,0.0,0.0,1.0
Adelie,46.0,21.5,194.0,4200.0,MALE,0.0,-0.0021940436667837473,2.208618617921627,0.38174253251441964,-0.49321543455571604,0.0,0.0,1.0
Adelie,37.8,18.3,174.0,3400.0,FEMALE,0.0,-1.0026779557196903,0.58345071941196,-1.1246015763689785,-1.9196820613468637,1.0,0.0,0.0
Adelie,37.7,18.7,180.0,3600.0,MALE,0.0,-0.7525569777064637,0.7865967067256678,-1.1429716264773115,-1.4917420733095195,1.0,0.0,0.0
Adelie,35.9,19.2,189.0,3800.0,FEMALE,0.0,-0.502435999693237,1.0405291908678034,-1.4736325284273266,-0.849832091253503,1.0,0.0,0.0
Adelie,38.2,18.1,185.0,3950.0,MALE,0.0,-0.31484526618331704,0.48187772575510623,-1.051121375935641,-1.1351254166117326,1.0,0.0,0.0
Adelie,38.8,17.2,180.0,3800.0,MALE,0.0,-0.502435999693237,0.024799254299261175,-0.9409010752856374,-1.4917420733095195,1.0,0.0,0.0
Adelie,35.3,18.9,187.0,3800.0,FEMALE,0.0,-0.502435999693237,0.8881697003825216,-1.5838528290773315,-0.9924787539326178,1.0,0.0,0.0
Adelie,40.6,18.6,183.0,3550.0,MALE,0.0,-0.8150872222097704,0.7358102098972418,-0.6102401733356225,-1.2777720792908474,1.0,0.0,0.0
Adelie,40.5,17.9,187.0,3200.0,FEMALE,0.0,-1.2527989337329168,0.38030473209825055,-0.6286102234439569,-0.9924787539326178,1.0,0.0,0.0
Adelie,37.9,18.6,172.0,3150.0,FEMALE,0.0,-1.3153291782362235,0.7358102098972418,-1.1062315262606441,-2.0623287240259787,1.0,0.0,0.0
Adelie,40.5,18.9,180.0,3950.0,MALE,0.0,-0.31484526618331704,0.8881697003825216,-0.6286102234439569,-1.4917420733095195,1.0,0.0,0.0
Adelie,39.5,16.7,178.0,3250.0,FEMALE,0.0,-1.1902686892296104,-0.22913322984287438,-0.812310724527298,-1.6343887359886342,0.0,1.0,0.0
Adelie,37.2,18.1,178.0,3900.0,MALE,0.0,-0.3773755106866237,0.48187772575510623,-1.2348218770189823,-1.6343887359886342,0.0,1.0,0.0
Adelie,39.5,17.8,188.0,3300.0,FEMALE,0.0,-1.1277384447263037,0.32951823526982454,-0.812310724527298,-0.9211554225930604,0.0,1.0,0.0
Adelie,40.9,18.9,184.0,3900.0,MALE,0.0,-0.3773755106866237,0.8881697003825216,-0.5551300230106206,-1.20644874795129,0.0,1.0,0.0
Adelie,36.4,17.0,195.0,3325.0,FEMALE,0.0,-1.0964733224746503,-0.07677373935759269,-1.3817822778856559,-0.42189210321615866,0.0,1.0,0.0
Adelie,39.2,21.1,196.0,4150.0,MALE,0.0,-0.0647242881700904,2.0054726306079194,-0.8674208748522999,-0.3505687718766013,0.0,1.0,0.0
Adelie,38.8,20.0,190.0,3950.0,MALE,0.0,-0.31484526618331704,1.4468211654952206,-0.9409010752856374,-0.7785087599139456,0.0,1.0,0.0
Adelie,42.2,18.5,180.0,3550.0,FEMALE,0.0,-0.8150872222097704,0.6850237130688139,-0.3163193716022763,-1.4917420733095195,0.0,1.0,0.0
Adelie,37.6,19.3,181.0,3300.0,FEMALE,0.0,-1.1277384447263037,1.091315687696231,-1.1613416765856461,-1.420418741969962,0.0,1.0,0.0
Adelie,39.8,19.1,184.0,4650.0,MALE,0.0,0.5605781568629762,0.9897426940393773,-0.7572005742022963,-1.20644874795129,0.0,1.0,0.0
Adelie,36.5,18.0,182.0,3150.0,FEMALE,0.0,-1.3153291782362235,0.4310912289266784,-1.3634122277773215,-1.3490954106304047,0.0,1.0,0.0
Adelie,40.8,18.4,195.0,3900.0,MALE,0.0,-0.3773755106866237,0.6342372162403861,-0.573500073118955,-0.42189210321615866,0.0,1.0,0.0
Adelie,36.0,18.5,186.0,3100.0,FEMALE,0.0,-1.3778594227395302,0.6850237130688139,-1.4552624783189922,-1.0638020852721752,0.0,1.0,0.0
Adelie,44.1,19.7,196.0,4400.0,MALE,0.0,0.2479269343464429,1.294461675009939,0.03271158045607167,-0.3505687718766013,0.0,1.0,0.0
Adelie,37.0,16.9,185.0,3000.0,FEMALE,0.0,-1.5029199117461436,-0.1275602361860205,-1.271561977235651,-1.1351254166117326,0.0,1.0,0.0
Adelie,39.6,18.8,190.0,4600.0,MALE,0.0,0.49804791235966955,0.8373832035540956,-0.7939406744189637,-0.7785087599139456,0.0,1.0,0.0
Adelie,41.1,19.0,182.0,3425.0,MALE,0.0,-0.971412833468037,0.9389561972109495,-0.5183899227939519,-1.3490954106304047,0.0,1.0,0.0
Adelie,37.5,18.9,179.0,2975.0,NA,0.0,-1.534185033997797,0.8881697003825216,-1.1797117266939805,-1.5630654046490768,0.0,1.0,0.0
Adelie,36.0,17.9,190.0,3450.0,FEMALE,0.0,-0.9401477112163836,0.38030473209825055,-1.4552624783189922,-0.7785087599139456,0.0,1.0,0.0
Adelie,42.3,21.2,191.0,4150.0,MALE,0.0,-0.0647242881700904,2.0562591274363453,-0.29794932149394326,-0.7071854285743883,0.0,1.0,0.0
Adelie,39.6,17.7,186.0,3500.0,FEMALE,0.0,-0.8776174667130769,0.2787317384413967,-0.7939406744189637,-1.0638020852721752,1.0,0.0,0.0
Adelie,40.1,18.9,188.0,4300.0,MALE,0.0,0.12286644533982957,0.8881697003825216,-0.702090423877293,-0.9211554225930604,1.0,0.0,0.0
Adelie,35.0,17.9,190.0,3450.0,FEMALE,0.0,-0.9401477112163836,0.38030473209825055,-1.6389629794023333,-0.7785087599139456,1.0,0.0,0.0
Adelie,42.0,19.5,200.0,4050.0,MALE,0.0,-0.18978477717670372,1.192888681353085,-0.3530594718189451,-0.06527544651837175,1.0,0.0,0.0
Adelie,34.5,18.1,187.0,2900.0,FEMALE,0.0,-1.627980400752757,0.48187772575510623,-1.730813229944004,-0.9924787539326178,1.0,0.0,0.0
Adelie,41.4,18.6,191.0,3700.0,MALE,0.0,-0.6274964886998503,0.7358102098972418,-0.46327977246895,-0.7071854285743883,1.0,0.0,0.0
Adelie,39.0,17.5,186.0,3550.0,FEMALE,0.0,-0.8150872222097704,0.17715874478454285,-0.9041609750689686,-1.0638020852721752,1.0,0.0,0.0
Adelie,40.6,18.8,193.0,3800.0,MALE,0.0,-0.502435999693237,0.8373832035540956,-0.6102401733356225,-0.5645387658952734,1.0,0.0,0.0
Adelie,36.5,16.6,181.0,2850.0,FEMALE,0.0,-1.6905106452560636,-0.2799197266713004,-1.3634122277773215,-1.420418741969962,1.0,0.0,0.0
Adelie,37.6,19.1,194.0,3750.0,MALE,0.0,-0.5649662441965437,0.9897426940393773,-1.1613416765856461,-0.49321543455571604,1.0,0.0,0.0
Adelie,35.7,16.9,185.0,3150.0,FEMALE,0.0,-1.3153291782362235,-0.1275602361860205,-1.510372628643994,-1.1351254166117326,1.0,0.0,0.0
Adelie,41.3,21.1,195.0,4400.0,MALE,0.0,0.2479269343464429,2.0054726306079194,-0.48164982257728445,-0.42189210321615866,1.0,0.0,0.0
Adelie,37.6,17.0,185.0,3600.0,FEMALE,0.0,-0.7525569777064637,-0.07677373935759269,-1.1613416765856461,-1.1351254166117326,1.0,0.0,0.0
Adelie,41.1,18.2,192.0,4050.0,MALE,0.0,-0.18978477717670372,0.5326642225835323,-0.5183899227939519,-0.6358620972348308,1.0,0.0,0.0
Adelie,36.4,17.1,184.0,2850.0,FEMALE,0.0,-1.6905106452560636,-0.02598724252916485,-1.3817822778856559,-1.20644874795129,1.0,0.0,0.0
Adelie,41.6,18.0,192.0,3950.0,MALE,0.0,-0.31484526618331704,0.4310912289266784,-0.4265396722522813,-0.6358620972348308,1.0,0.0,0.0
Adelie,35.5,16.2,195.0,3350.0,FEMALE,0.0,-1.065208200222997,-0.4830657139850099,-1.5471127288606628,-0.42189210321615866,1.0,0.0,0.0
Adelie,41.1,19.1,188.0,4100.0,MALE,0.0,-0.12725453267339706,0.9897426940393773,-0.5183899227939519,-0.9211554225930604,1.0,0.0,0.0
Adelie,35.9,16.6,190.0,3050.0,FEMALE,0.0,-1.440389667242837,-0.2799197266713004,-1.4736325284273266,-0.7785087599139456,0.0,0.0,1.0
Adelie,41.8,19.4,198.0,4450.0,MALE,0.0,0.31045717884974955,1.1421021845246573,-0.38979957203561383,-0.20792210919748652,0.0,0.0,1.0
Adelie,33.5,19.0,190.0,3600.0,FEMALE,0.0,-0.7525569777064637,0.9389561972109495,-1.9145137310273452,-0.7785087599139456,0.0,0.0,1.0
Adelie,39.7,18.4,190.0,3900.0,MALE,0.0,-0.3773755106866237,0.6342372162403861,-0.7755706243106293,-0.7785087599139456,0.0,0.0,1.0
Adelie,39.6,17.2,196.0,3550.0,FEMALE,0.0,-0.8150872222097704,0.024799254299261175,-0.7939406744189637,-0.3505687718766013,0.0,0.0,1.0
Adelie,45.8,18.9,197.0,4150.0,MALE,0.0,-0.0647242881700904,0.8881697003825216,0.3450024322977509,-0.2792454405370439,0.0,0.0,1.0
Adelie,35.5,17.5,190.0,3700.0,FEMALE,0.0,-0.6274964886998503,0.17715874478454285,-1.5471127288606628,-0.7785087599139456,0.0,0.0,1.0
Adelie,42.8,18.5,195.0,4250.0,MALE,0.0,0.06033620083652291,0.6850237130688139,-0.20609907095227264,-0.42189210321615866,0.0,0.0,1.0
Adelie,40.9,16.8,191.0,3700.0,FEMALE,0.0,-0.6274964886998503,-0.17834673301444653,-0.5551300230106206,-0.7071854285743883,0.0,0.0,1.0
Adelie,37.2,19.4,184.0,3900.0,MALE,0.0,-0.3773755106866237,1.1421021845246573,-1.2348218770189823,-1.20644874795129,0.0,0.0,1.0
Adelie,36.2,16.1,187.0,3550.0,FEMALE,0.0,-0.8150872222097704,-0.5338522108134359,-1.4185223781023235,-0.9924787539326178,0.0,0.0,1.0
Adelie,42.1,19.1,195.0,4000.0,MALE,0.0,-0.2523150216800104,0.9897426940393773,-0.3346894217106107,-0.42189210321615866,0.0,0.0,1.0
Adelie,34.6,17.2,189.0,3200.0,FEMALE,0.0,-1.2527989337329168,0.024799254299261175,-1.7124431798356696,-0.849832091253503,0.0,0.0,1.0
Adelie,42.9,17.6,196.0,4700.0,MALE,0.0,0.6231084013662829,0.2279452416129707,-0.18772902084393828,-0.3505687718766013,0.0,0.0,1.0
Adelie,36.7,18.8,187.0,3800.0,FEMALE,0.0,-0.502435999693237,0.8373832035540956,-1.3266721275606528,-0.9924787539326178,0.0,0.0,1.0
Adelie,35.1,19.4,193.0,4200.0,MALE,0.0,-0.0021940436667837473,1.1421021845246573,-1.620592929293999,-0.5645387658952734,0.0,0.0,1.0
Adelie,37.3,17.8,191.0,3350.0,FEMALE,0.0,-1.065208200222997,0.32951823526982454,-1.2164518269106492,-0.7071854285743883,0.0,1.0,0.0
Adelie,41.3,20.3,194.0,3550.0,MALE,0.0,-0.8150872222097704,1.5991806559805022,-0.48164982257728445,-0.49321543455571604,0.0,1.0,0.0
Adelie,36.3,19.5,190.0,3800.0,MALE,0.0,-0.502435999693237,1.192888681353085,-1.4001523279939903,-0.7785087599139456,0.0,1.0,0.0
Adelie,36.9,18.6,189.0,3500.0,FEMALE,0.0,-0.8776174667130769,0.7358102098972418,-1.2899320273439854,-0.849832091253503,0.0,1.0,0.0
Adelie,38.3,19.2,189.0,3950.0,MALE,0.0,-0.31484526618331704,1.0405291908678034,-1.032751325827308,-0.849832091253503,0.0,1.0,0.0
Adelie,38.9,18.8,190.0,3600.0,FEMALE,0.0,-0.7525569777064637,0.8373832035540956,-0.922531025177303,-0.7785087599139456,0.0,1.0,0.0
Adelie,35.7,18.0,202.0,3550.0,FEMALE,0.0,-0.8150872222097704,0.4310912289266784,-1.510372628643994,0.07737121616074302,0.0,1.0,0.0
Adelie,41.1,18.1,205.0,4300.0,MALE,0.0,0.12286644533982957,0.48187772575510623,-0.5183899227939519,0.29134121017941517,0.0,1.0,0.0
Adelie,34.0,17.1,185.0,3400.0,FEMALE,0.0,-1.0026779557196903,-0.02598724252916485,-1.8226634804856745,-1.1351254166117326,0.0,1.0,0.0
Adelie,39.6,18.1,186.0,4450.0,MALE,0.0,0.31045717884974955,0.48187772575510623,-0.7939406744189637,-1.0638020852721752,0.0,1.0,0.0
Adelie,36.2,17.3,187.0,3300.0,FEMALE,0.0,-1.1277384447263037,0.075585751127689,-1.4185223781023235,-0.9924787539326178,0.0,1.0,0.0
Adelie,40.8,18.9,208.0,4300.0,MALE,0.0,0.12286644533982957,0.8881697003825216,-0.573500073118955,0.5053112041980874,0.0,1.0,0.0
Adelie,38.1,18.6,190.0,3700.0,FEMALE,0.0,-0.6274964886998503,0.7358102098972418,-1.0694914260439754,-0.7785087599139456,0.0,1.0,0.0
Adelie,40.3,18.5,196.0,4350.0,MALE,0.0,0.18539668984313623,0.6850237130688139,-0.6653503236606256,-0.3505687718766013,0.0,1.0,0.0
Adelie,33.1,16.1,178.0,2900.0,FEMALE,0.0,-1.627980400752757,-0.5338522108134359,-1.9879939314606814,-1.6343887359886342,0.0,1.0,0.0
Adelie,43.2,18.5,192.0,4100.0,MALE,0.0,-0.12725453267339706,0.6850237130688139,-0.13261887051893514,-0.6358620972348308,0.0,1.0,0.0
Adelie,35.0,17.9,192.0,3725.0,FEMALE,0.0,-0.596231366448197,0.38030473209825055,-1.6389629794023333,-0.6358620972348308,1.0,0.0,0.0
Adelie,41.0,20.0,203.0,4725.0,MALE,0.0,0.6543735236179362,1.4468211654952206,-0.5367599729022863,0.14869454750030042,1.0,0.0,0.0
Adelie,37.7,16.0,183.0,3075.0,FEMALE,0.0,-1.4091245449911836,-0.5846387076418638,-1.1429716264773115,-1.2777720792908474,1.0,0.0,0.0
Adelie,37.8,20.0,190.0,4250.0,MALE,0.0,0.06033620083652291,1.4468211654952206,-1.1246015763689785,-0.7785087599139456,1.0,0.0,0.0
Adelie,37.9,18.6,193.0,2925.0,FEMALE,0.0,-1.5967152785011036,0.7358102098972418,-1.1062315262606441,-0.5645387658952734,1.0,0.0,0.0
Adelie,39.7,18.9,184.0,3550.0,MALE,0.0,-0.8150872222097704,0.8881697003825216,-0.7755706243106293,-1.20644874795129,1.0,0.0,0.0
Adelie,38.6,17.2,199.0,3750.0,FEMALE,0.0,-0.5649662441965437,0.024799254299261175,-0.9776411755023049,-0.13659877785792912,1.0,0.0,0.0
Adelie,38.2,20.0,190.0,3900.0,MALE,0.0,-0.3773755106866237,1.4468211654952206,-1.051121375935641,-0.7785087599139456,1.0,0.0,0.0
Adelie,38.1,17.0,181.0,3175.0,FEMALE,0.0,-1.2840640559845702,-0.07677373935759269,-1.0694914260439754,-1.420418741969962,1.0,0.0,0.0
Adelie,43.2,19.0,197.0,4775.0,MALE,0.0,0.7169037681212428,0.9389561972109495,-0.13261887051893514,-0.2792454405370439,1.0,0.0,0.0
Adelie,38.1,16.5,198.0,3825.0,FEMALE,0.0,-0.4711708774415837,-0.3307062234997282,-1.0694914260439754,-0.20792210919748652,1.0,0.0,0.0
Adelie,45.6,20.3,191.0,4600.0,MALE,0.0,0.49804791235966955,1.5991806559805022,0.30826233208108345,-0.7071854285743883,1.0,0.0,0.0
Adelie,39.7,17.7,193.0,3200.0,FEMALE,0.0,-1.2527989337329168,0.2787317384413967,-0.7755706243106293,-0.5645387658952734,1.0,0.0,0.0
Adelie,42.2,19.5,197.0,4275.0,MALE,0.0,0.09160132308817624,1.192888681353085,-0.3163193716022763,-0.2792454405370439,1.0,0.0,0.0
Adelie,39.6,20.7,191.0,3900.0,FEMALE,0.0,-0.3773755106866237,1.80232664329421,-0.7939406744189637,-0.7071854285743883,1.0,0.0,0.0
Adelie,42.7,18.3,196.0,4075.0,MALE,0.0,-0.1585196549250504,0.58345071941196,-0.22446912106060574,-0.3505687718766013,1.0,0.0,0.0
Adelie,38.6,17.0,188.0,2900.0,FEMALE,0.0,-1.627980400752757,-0.07677373935759269,-0.9776411755023049,-0.9211554225930604,0.0,0.0,1.0
Adelie,37.3,20.5,199.0,3775.0,MALE,0.0,-0.5337011219448904,1.700753649637356,-1.2164518269106492,-0.13659877785792912,0.0,0.0,1.0
Adelie,35.7,17.0,189.0,3350.0,FEMALE,0.0,-1.065208200222997,-0.07677373935759269,-1.510372628643994,-0.849832091253503,0.0,0.0,1.0
Adelie,41.1,18.6,189.0,3325.0,MALE,0.0,-1.0964733224746503,0.7358102098972418,-0.5183899227939519,-0.849832091253503,0.0,0.0,1.0
Adelie,36.2,17.2,187.0,3150.0,FEMALE,0.0,-1.3153291782362235,0.024799254299261175,-1.4185223781023235,-0.9924787539326178,0.0,0.0,1.0
Adelie,37.7,19.8,198.0,3500.0,MALE,0.0,-0.8776174667130769,1.3452481718383666,-1.1429716264773115,-0.20792210919748652,0.0,0.0,1.0
Adelie,40.2,17.0,176.0,3450.0,FEMALE,0.0,-0.9401477112163836,-0.07677373935759269,-0.6837203737689587,-1.777035398667749,0.0,0.0,1.0
Adelie,41.4,18.5,202.0,3875.0,MALE,0.0,-0.408640632938277,0.6850237130688139,-0.46327977246895,0.07737121616074302,0.0,0.0,1.0
Adelie,35.2,15.9,186.0,3050.0,FEMALE,0.0,-1.440389667242837,-0.6354252044702907,-1.6022228791856645,-1.0638020852721752,0.0,0.0,1.0
Adelie,40.6,19.0,199.0,4000.0,MALE,0.0,-0.2523150216800104,0.9389561972109495,-0.6102401733356225,-0.13659877785792912,0.0,0.0,1.0
Adelie,38.8,17.6,191.0,3275.0,FEMALE,0.0,-1.159003566977957,0.2279452416129707,-0.9409010752856374,-0.7071854285743883,0.0,0.0,1.0
Adelie,41.5,18.3,195.0,4300.0,MALE,0.0,0.12286644533982957,0.58345071941196,-0.44490972236061566,-0.42189210321615866,0.0,0.0,1.0
Adelie,39.0,17.1,191.0,3050.0,FEMALE,0.0,-1.440389667242837,-0.02598724252916485,-0.9041609750689686,-0.7071854285743883,0.0,0.0,1.0
Adelie,44.1,18.0,210.0,4000.0,MALE,0.0,-0.2523150216800104,0.4310912289266784,0.03271158045607167,0.6479578668772021,0.0,0.0,1.0
Adelie,38.5,17.9,190.0,3325.0,FEMALE,0.0,-1.0964733224746503,0.38030473209825055,-0.9960112256106393,-0.7785087599139456,0.0,0.0,1.0
Adelie,43.1,19.2,197.0,3500.0,MALE,0.0,-0.8776174667130769,1.0405291908678034,-0.1509889206272695,-0.2792454405370439,0.0,0.0,1.0
Adelie,36.8,18.5,193.0,3500.0,FEMALE,0.0,-0.8776174667130769,0.6850237130688139,-1.3083020774523197,-0.5645387658952734,0.0,1.0,0.0
Adelie,37.5,18.5,199.0,4475.0,MALE,0.0,0.3417223011014029,0.6850237130688139,-1.1797117266939805,-0.13659877785792912,0.0,1.0,0.0
Adelie,38.1,17.6,187.0,3425.0,FEMALE,0.0,-0.971412833468037,0.2279452416129707,-1.0694914260439754,-0.9924787539326178,0.0,1.0,0.0
Adelie,41.1,17.5,190.0,3900.0,MALE,0.0,-0.3773755106866237,0.17715874478454285,-0.5183899227939519,-0.7785087599139456,0.0,1.0,0.0
Adelie,35.6,17.5,191.0,3175.0,FEMALE,0.0,-1.2840640559845702,0.17715874478454285,-1.5287426787523284,-0.7071854285743883,0.0,1.0,0.0
Adelie,40.2,20.1,200.0,3975.0,MALE,0.0,-0.2835801439316637,1.4976076623236483,-0.6837203737689587,-0.06527544651837175,0.0,1.0,0.0
Adelie,37.0,16.5,185.0,3400.0,FEMALE,0.0,-1.0026779557196903,-0.3307062234997282,-1.271561977235651,-1.1351254166117326,0.0,1.0,0.0
Adelie,39.7,17.9,193.0,4250.0,MALE,0.0,0.06033620083652291,0.38030473209825055,-0.7755706243106293,-0.5645387658952734,0.0,1.0,0.0
Adelie,40.2,17.1,193.0,3400.0,FEMALE,0.0,-1.0026779557196903,-0.02598724252916485,-0.6837203737689587,-0.5645387658952734,0.0,1.0,0.0
Adelie,40.6,17.2,187.0,3475.0,MALE,0.0,-0.9088825889647303,0.024799254299261175,-0.6102401733356225,-0.9924787539326178,0.0,1.0,0.0
Adelie,32.1,15.5,188.0,3050.0,FEMALE,0.0,-1.440389667242837,-0.8385711917839993,-2.1716944325440224,-0.9211554225930604,0.0,1.0,0.0
Adelie,40.7,17.0,190.0,3725.0,MALE,0.0,-0.596231366448197,-0.07677373935759269,-0.591870123227288,-0.7785087599139456,0.0,1.0,0.0
Adelie,37.3,16.8,192.0,3000.0,FEMALE,0.0,-1.5029199117461436,-0.17834673301444653,-1.2164518269106492,-0.6358620972348308,0.0,1.0,0.0
Adelie,39.0,18.7,185.0,3650.0,MALE,0.0,-0.690026733203157,0.7865967067256678,-0.9041609750689686,-1.1351254166117326,0.0,1.0,0.0
Adelie,39.2,18.6,190.0,4250.0,MALE,0.0,0.06033620083652291,0.7358102098972418,-0.8674208748522999,-0.7785087599139456,0.0,1.0,0.0
Adelie,36.6,18.4,184.0,3475.0,FEMALE,0.0,-0.9088825889647303,0.6342372162403861,-1.3450421776689871,-1.20644874795129,0.0,1.0,0.0
Adelie,36.0,17.8,195.0,3450.0,FEMALE,0.0,-0.9401477112163836,0.32951823526982454,-1.4552624783189922,-0.42189210321615866,0.0,1.0,0.0
Adelie,37.8,18.1,193.0,3750.0,MALE,0.0,-0.5649662441965437,0.48187772575510623,-1.1246015763689785,-0.5645387658952734,0.0,1.0,0.0
Adelie,36.0,17.1,187.0,3700.0,FEMALE,0.0,-0.6274964886998503,-0.02598724252916485,-1.4552624783189922,-0.9924787539326178,0.0,1.0,0.0
Adelie,41.5,18.5,201.0,4000.0,MALE,0.0,-0.2523150216800104,0.6850237130688139,-0.44490972236061566,0.006047884821185643,0.0,1.0,0.0
Chinstrap,46.5,17.9,192.0,3500.0,FEMALE,2.0,-0.8776174667130769,0.38030473209825055,0.47359278305609026,-0.6358620972348308,0.0,1.0,0.0
Chinstrap,50.0,19.5,196.0,3900.0,MALE,2.0,-0.3773755106866237,1.192888681353085,1.1165445368477844,-0.3505687718766013,0.0,1.0,0.0
Chinstrap,51.3,19.2,193.0,3650.0,MALE,2.0,-0.690026733203157,1.0405291908678034,1.3553551882561274,-0.5645387658952734,0.0,1.0,0.0
Chinstrap,45.4,18.7,188.0,3525.0,FEMALE,2.0,-0.8463523444614237,0.7865967067256678,0.2715222318644147,-0.9211554225930604,0.0,1.0,0.0
Chinstrap,52.7,19.8,197.0,3725.0,MALE,2.0,-0.596231366448197,1.3452481718383666,1.6125358897728062,-0.2792454405370439,0.0,1.0,0.0
Chinstrap,45.2,17.8,198.0,3950.0,FEMALE,2.0,-0.31484526618331704,0.32951823526982454,0.23478213164774722,-0.20792210919748652,0.0,1.0,0.0
Chinstrap,46.1,18.2,178.0,3250.0,FEMALE,2.0,-1.1902686892296104,0.5326642225835323,0.400112582622754,-1.6343887359886342,0.0,1.0,0.0
Chinstrap,51.3,18.2,197.0,3750.0,MALE,2.0,-0.5649662441965437,0.5326642225835323,1.3553551882561274,-0.2792454405370439,0.0,1.0,0.0
Chinstrap,46.0,18.9,195.0,4150.0,FEMALE,2.0,-0.0647242881700904,0.8881697003825216,0.38174253251441964,-0.42189210321615866,0.0,1.0,0.0
Chinstrap,51.3,19.9,198.0,3700.0,MALE,2.0,-0.6274964886998503,1.3960346686667928,1.3553551882561274,-0.20792210919748652,0.0,1.0,0.0
Chinstrap,46.6,17.8,193.0,3800.0,FEMALE,2.0,-0.502435999693237,0.32951823526982454,0.49196283316442463,-0.5645387658952734,0.0,1.0,0.0
Chinstrap,51.7,20.3,194.0,3775.0,MALE,2.0,-0.5337011219448904,1.5991806559805022,1.428835388689465,-0.49321543455571604,0.0,1.0,0.0
Chinstrap,47.0,17.3,185.0,3700.0,FEMALE,2.0,-0.6274964886998503,0.075585751127689,0.5654430335977608,-1.1351254166117326,0.0,1.0,0.0
Chinstrap,52.0,18.1,201.0,4050.0,MALE,2.0,-0.18978477717670372,0.48187772575510623,1.4839455390144667,0.006047884821185643,0.0,1.0,0.0
Chinstrap,45.9,17.1,190.0,3575.0,FEMALE,2.0,-0.783822099958117,-0.02598724252916485,0.3633724824060853,-0.7785087599139456,0.0,1.0,0.0
Chinstrap,50.5,19.6,201.0,4050.0,MALE,2.0,-0.18978477717670372,1.2436751781815127,1.208394787389455,0.006047884821185643,0.0,1.0,0.0
Chinstrap,50.3,20.0,197.0,3300.0,MALE,2.0,-1.1277384447263037,1.4468211654952206,1.1716546871727862,-0.2792454405370439,0.0,1.0,0.0
Chinstrap,58.0,17.8,181.0,3700.0,FEMALE,2.0,-0.6274964886998503,0.32951823526982454,2.5861485455145137,-1.420418741969962,0.0,1.0,0.0
Chinstrap,46.4,18.6,190.0,3450.0,FEMALE,2.0,-0.9401477112163836,0.7358102098972418,0.4552227329477559,-0.7785087599139456,0.0,1.0,0.0
Chinstrap,49.2,18.2,195.0,4400.0,MALE,2.0,0.2479269343464429,0.5326642225835323,0.9695841359811119,-0.42189210321615866,0.0,1.0,0.0
Chinstrap,42.4,17.3,181.0,3600.0,FEMALE,2.0,-0.7525569777064637,0.075585751127689,-0.27957927138560884,-1.420418741969962,0.0,1.0,0.0
Chinstrap,48.5,17.5,191.0,3400.0,MALE,2.0,-1.0026779557196903,0.17715874478454285,0.8409937852227726,-0.7071854285743883,0.0,1.0,0.0
Chinstrap,43.2,16.6,187.0,2900.0,FEMALE,2.0,-1.627980400752757,-0.2799197266713004,-0.13261887051893514,-0.9924787539326178,0.0,1.0,0.0
Chinstrap,50.6,19.4,193.0,3800.0,MALE,2.0,-0.502435999693237,1.1421021845246573,1.2267648374977893,-0.5645387658952734,0.0,1.0,0.0
Chinstrap,46.7,17.9,195.0,3300.0,FEMALE,2.0,-1.1277384447263037,0.38030473209825055,0.510332883272759,-0.42189210321615866,0.0,1.0,0.0
Chinstrap,52.0,19.0,197.0,4150.0,MALE,2.0,-0.0647242881700904,0.9389561972109495,1.4839455390144667,-0.2792454405370439,0.0,1.0,0.0
Chinstrap,50.5,18.4,200.0,3400.0,FEMALE,2.0,-1.0026779557196903,0.6342372162403861,1.208394787389455,-0.06527544651837175,0.0,1.0,0.0
Chinstrap,49.5,19.0,200.0,3800.0,MALE,2.0,-0.502435999693237,0.9389561972109495,1.0246942863061137,-0.06527544651837175,0.0,1.0,0.0
Chinstrap,46.4,17.8,191.0,3700.0,FEMALE,2.0,-0.6274964886998503,0.32951823526982454,0.4552227329477559,-0.7071854285743883,0.0,1.0,0.0
Chinstrap,52.8,20.0,205.0,4550.0,MALE,2.0,0.43551766785636287,1.4468211654952206,1.6309059398811392,0.29134121017941517,0.0,1.0,0.0
Chinstrap,40.9,16.6,187.0,3200.0,FEMALE,2.0,-1.2527989337329168,-0.2799197266713004,-0.5551300230106206,-0.9924787539326178,0.0,1.0,0.0
Chinstrap,54.2,20.8,201.0,4300.0,MALE,2.0,0.12286644533982957,1.8531131401226377,1.888086641397818,0.006047884821185643,0.0,1.0,0.0
Chinstrap,42.5,16.7,187.0,3350.0,FEMALE,2.0,-1.065208200222997,-0.22913322984287438,-0.2612092212772745,-0.9924787539326178,0.0,1.0,0.0
Chinstrap,51.0,18.8,203.0,4100.0,MALE,2.0,-0.12725453267339706,0.8373832035540956,1.3002450379311257,0.14869454750030042,0.0,1.0,0.0
Chinstrap,49.7,18.6,195.0,3600.0,MALE,2.0,-0.7525569777064637,0.7358102098972418,1.0614343865227827,-0.42189210321615866,0.0,1.0,0.0
Chinstrap,47.5,16.8,199.0,3900.0,FEMALE,2.0,-0.3773755106866237,-0.17834673301444653,0.6572932841394314,-0.13659877785792912,0.0,1.0,0.0
Chinstrap,47.6,18.3,195.0,3850.0,FEMALE,2.0,-0.43990575518993036,0.58345071941196,0.6756633342477658,-0.42189210321615866,0.0,1.0,0.0
Chinstrap,52.0,20.7,210.0,4800.0,MALE,2.0,0.7481688903728961,1.80232664329421,1.4839455390144667,0.6479578668772021,0.0,1.0,0.0
Chinstrap,46.9,16.6,192.0,2700.0,FEMALE,2.0,-1.8781013787659835,-0.2799197266713004,0.5470729834894265,-0.6358620972348308,0.0,1.0,0.0
Chinstrap,53.5,19.9,205.0,4500.0,MALE,2.0,0.37298742335305624,1.3960346686667928,1.7594962906394784,0.29134121017941517,0.0,1.0,0.0
Chinstrap,49.0,19.5,210.0,3950.0,MALE,2.0,-0.31484526618331704,1.192888681353085,0.9328440357644432,0.6479578668772021,0.0,1.0,0.0
Chinstrap,46.2,17.5,187.0,3650.0,FEMALE,2.0,-0.690026733203157,0.17715874478454285,0.41848263273108843,-0.9924787539326178,0.0,1.0,0.0
Chinstrap,50.9,19.1,196.0,3550.0,MALE,2.0,-0.8150872222097704,0.9897426940393773,1.2818749878227913,-0.3505687718766013,0.0,1.0,0.0
Chinstrap,45.5,17.0,196.0,3500.0,FEMALE,2.0,-0.8776174667130769,-0.07677373935759269,0.2898922819727491,-0.3505687718766013,0.0,1.0,0.0
Chinstrap,50.9,17.9,196.0,3675.0,FEMALE,2.0,-0.6587616109515037,0.38030473209825055,1.2818749878227913,-0.3505687718766013,0.0,1.0,0.0
Chinstrap,50.8,18.5,201.0,4450.0,MALE,2.0,0.31045717884974955,0.6850237130688139,1.2635049377144567,0.006047884821185643,0.0,1.0,0.0
Chinstrap,50.1,17.9,190.0,3400.0,FEMALE,2.0,-1.0026779557196903,0.38030473209825055,1.1349145869561188,-0.7785087599139456,0.0,1.0,0.0
Chinstrap,49.0,19.6,212.0,4300.0,MALE,2.0,0.12286644533982957,1.2436751781815127,0.9328440357644432,0.7906045295563169,0.0,1.0,0.0
Chinstrap,51.5,18.7,187.0,3250.0,MALE,2.0,-1.1902686892296104,0.7865967067256678,1.3920952884727962,-0.9924787539326178,0.0,1.0,0.0
Chinstrap,49.8,17.3,198.0,3675.0,FEMALE,2.0,-0.6587616109515037,0.075585751127689,1.0798044366311157,-0.20792210919748652,0.0,1.0,0.0
Chinstrap,48.1,16.4,199.0,3325.0,FEMALE,2.0,-1.0964733224746503,-0.38149272032815607,0.7675135847894364,-0.13659877785792912,0.0,1.0,0.0
Chinstrap,51.4,19.0,201.0,3950.0,MALE,2.0,-0.31484526618331704,0.9389561972109495,1.3737252383644618,0.006047884821185643,0.0,1.0,0.0
Chinstrap,45.7,17.3,193.0,3600.0,FEMALE,2.0,-0.7525569777064637,0.075585751127689,0.3266323821894178,-0.5645387658952734,0.0,1.0,0.0
Chinstrap,50.7,19.7,203.0,4050.0,MALE,2.0,-0.18978477717670372,1.294461675009939,1.2451348876061237,0.14869454750030042,0.0,1.0,0.0
Chinstrap,42.5,17.3,187.0,3350.0,FEMALE,2.0,-1.065208200222997,0.075585751127689,-0.2612092212772745,-0.9924787539326178,0.0,1.0,0.0
Chinstrap,52.2,18.8,197.0,3450.0,MALE,2.0,-0.9401477112163836,0.8373832035540956,1.5206856392311354,-0.2792454405370439,0.0,1.0,0.0
Chinstrap,45.2,16.6,191.0,3250.0,FEMALE,2.0,-1.1902686892296104,-0.2799197266713004,0.23478213164774722,-0.7071854285743883,0.0,1.0,0.0
Chinstrap,49.3,19.9,203.0,4050.0,MALE,2.0,-0.18978477717670372,1.3960346686667928,0.9879541860894451,0.14869454750030042,0.0,1.0,0.0
Chinstrap,50.2,18.8,202.0,3800.0,MALE,2.0,-0.502435999693237,0.8373832035540956,1.1532846370644532,0.07737121616074302,0.0,1.0,0.0
Chinstrap,45.6,19.4,194.0,3525.0,FEMALE,2.0,-0.8463523444614237,1.1421021845246573,0.30826233208108345,-0.49321543455571604,0.0,1.0,0.0
Chinstrap,51.9,19.5,206.0,3950.0,MALE,2.0,-0.31484526618331704,1.192888681353085,1.4655754889061323,0.3626645415189726,0.0,1.0,0.0
Chinstrap,46.8,16.5,189.0,3650.0,FEMALE,2.0,-0.690026733203157,-0.3307062234997282,0.5287029333810921,-0.849832091253503,0.0,1.0,0.0
Chinstrap,45.7,17.0,195.0,3650.0,FEMALE,2.0,-0.690026733203157,-0.07677373935759269,0.3266323821894178,-0.42189210321615866,0.0,1.0,0.0
Chinstrap,55.8,19.8,207.0,4000.0,MALE,2.0,-0.2523150216800104,1.3452481718383666,2.182007443131163,0.43398787285852997,0.0,1.0,0.0
Chinstrap,43.5,18.1,202.0,3400.0,FEMALE,2.0,-1.0026779557196903,0.48187772575510623,-0.0775087201939333,0.07737121616074302,0.0,1.0,0.0
Chinstrap,49.6,18.2,193.0,3775.0,MALE,2.0,-0.5337011219448904,0.5326642225835323,1.043064336414448,-0.5645387658952734,0.0,1.0,0.0
Chinstrap,50.8,19.0,210.0,4100.0,MALE,2.0,-0.12725453267339706,0.9389561972109495,1.2635049377144567,0.6479578668772021,0.0,1.0,0.0
Chinstrap,50.2,18.7,198.0,3775.0,FEMALE,2.0,-0.5337011219448904,0.7865967067256678,1.1532846370644532,-0.20792210919748652,0.0,1.0,0.0
Gentoo,46.1,13.2,211.0,4500.0,FEMALE,1.0,0.37298742335305624,-2.0066606188378233,0.400112582622754,0.7192811982167595,1.0,0.0,0.0
Gentoo,50.0,16.3,230.0,5700.0,MALE,1.0,1.8737132914324162,-0.4322792171565821,1.1165445368477844,2.07442449366835,1.0,0.0,0.0
Gentoo,48.7,14.1,210.0,4450.0,FEMALE,1.0,0.31045717884974955,-1.549582147381979,0.8777338854394414,0.6479578668772021,1.0,0.0,0.0
Gentoo,50.0,15.2,218.0,5700.0,MALE,1.0,1.8737132914324162,-0.9909306822692809,1.1165445368477844,1.2185445175936611,1.0,0.0,0.0
Gentoo,47.6,14.5,215.0,5400.0,MALE,1.0,1.498531824412576,-1.3464361600682704,0.6756633342477658,1.004574523574989,1.0,0.0,0.0
Gentoo,46.5,13.5,210.0,4550.0,FEMALE,1.0,0.43551766785636287,-1.8543011283525415,0.47359278305609026,0.6479578668772021,1.0,0.0,0.0
Gentoo,45.4,14.6,211.0,4800.0,FEMALE,1.0,0.7481688903728961,-1.2956496632398435,0.2715222318644147,0.7192811982167595,1.0,0.0,0.0
Gentoo,46.7,15.3,219.0,5200.0,MALE,1.0,1.2484108463993495,-0.9401441854408532,0.510332883272759,1.2898678489332185,1.0,0.0,0.0
Gentoo,43.3,13.4,209.0,4400.0,FEMALE,1.0,0.2479269343464429,-1.9050876251809683,-0.11424882041060207,0.5766345355376448,1.0,0.0,0.0
Gentoo,46.8,15.4,215.0,5150.0,MALE,1.0,1.1858806018960428,-0.8893576886124263,0.5287029333810921,1.004574523574989,1.0,0.0,0.0
Gentoo,40.9,13.7,214.0,4650.0,FEMALE,1.0,0.5605781568629762,-1.7527281346956876,-0.5551300230106206,0.9332511922354316,1.0,0.0,0.0
Gentoo,49.0,16.1,216.0,5550.0,MALE,1.0,1.686122557922496,-0.5338522108134359,0.9328440357644432,1.0758978549145464,1.0,0.0,0.0
Gentoo,45.5,13.7,214.0,4650.0,FEMALE,1.0,0.5605781568629762,-1.7527281346956876,0.2898922819727491,0.9332511922354316,1.0,0.0,0.0
Gentoo,48.4,14.6,213.0,5850.0,MALE,1.0,2.061304024942336,-1.2956496632398435,0.8226237351144382,0.8619278608958743,1.0,0.0,0.0
Gentoo,45.8,14.6,210.0,4200.0,FEMALE,1.0,-0.0021940436667837473,-1.2956496632398435,0.3450024322977509,0.6479578668772021,1.0,0.0,0.0
Gentoo,49.3,15.7,217.0,5850.0,MALE,1.0,2.061304024942336,-0.7369981981271454,0.9879541860894451,1.1472211862541037,1.0,0.0,0.0
Gentoo,42.0,13.5,210.0,4150.0,FEMALE,1.0,-0.0647242881700904,-1.8543011283525415,-0.3530594718189451,0.6479578668772021,1.0,0.0,0.0
Gentoo,49.2,15.2,221.0,6300.0,MALE,1.0,2.624076225472096,-0.9909306822692809,0.9695841359811119,1.4325145116123335,1.0,0.0,0.0
Gentoo,46.2,14.5,209.0,4800.0,FEMALE,1.0,0.7481688903728961,-1.3464361600682704,0.41848263273108843,0.5766345355376448,1.0,0.0,0.0
Gentoo,48.7,15.1,222.0,5350.0,MALE,1.0,1.4360015799092694,-1.041717179097708,0.8777338854394414,1.5038378429518908,1.0,0.0,0.0
Gentoo,50.2,14.3,218.0,5700.0,MALE,1.0,1.8737132914324162,-1.4480091537251243,1.1532846370644532,1.2185445175936611,1.0,0.0,0.0
Gentoo,45.1,14.5,215.0,5000.0,FEMALE,1.0,0.9982898683861228,-1.3464361600682704,0.21641208153941285,1.004574523574989,1.0,0.0,0.0
Gentoo,46.5,14.5,213.0,4400.0,FEMALE,1.0,0.2479269343464429,-1.3464361600682704,0.47359278305609026,0.8619278608958743,1.0,0.0,0.0
Gentoo,46.3,15.8,215.0,5050.0,MALE,1.0,1.0608201128894295,-0.6862117012987177,0.43685268283942147,1.004574523574989,1.0,0.0,0.0
Gentoo,42.9,13.1,215.0,5000.0,FEMALE,1.0,0.9982898683861228,-2.05744711566625,-0.18772902084393828,1.004574523574989,1.0,0.0,0.0
Gentoo,46.1,15.1,215.0,5100.0,MALE,1.0,1.1233503573927361,-1.041717179097708,0.400112582622754,1.004574523574989,1.0,0.0,0.0
Gentoo,44.5,14.3,216.0,4100.0,NA,1.0,-0.12725453267339706,-1.4480091537251243,0.10619178088940788,1.0758978549145464,1.0,0.0,0.0
Gentoo,47.8,15.0,215.0,5650.0,MALE,1.0,1.8111830469291095,-1.0925036759261348,0.7124034344644332,1.004574523574989,1.0,0.0,0.0
Gentoo,48.2,14.3,210.0,4600.0,FEMALE,1.0,0.49804791235966955,-1.4480091537251243,0.7858836348977708,0.6479578668772021,1.0,0.0,0.0
Gentoo,50.0,15.3,220.0,5550.0,MALE,1.0,1.686122557922496,-0.9401441854408532,1.1165445368477844,1.361191180272776,1.0,0.0,0.0
Gentoo,47.3,15.3,222.0,5250.0,MALE,1.0,1.3109410909026562,-0.9401441854408532,0.6205531839227627,1.5038378429518908,1.0,0.0,0.0
Gentoo,42.8,14.2,209.0,4700.0,FEMALE,1.0,0.6231084013662829,-1.498795650553552,-0.20609907095227264,0.5766345355376448,1.0,0.0,0.0
Gentoo,45.1,14.5,207.0,5050.0,FEMALE,1.0,1.0608201128894295,-1.3464361600682704,0.21641208153941285,0.43398787285852997,1.0,0.0,0.0
Gentoo,59.6,17.0,230.0,6050.0,MALE,1.0,2.3114250029555627,-0.07677373935759269,2.88006934724786,2.07442449366835,1.0,0.0,0.0
Gentoo,49.1,14.8,220.0,5150.0,FEMALE,1.0,1.1858806018960428,-1.1940766695829887,0.9512140858727776,1.361191180272776,1.0,0.0,0.0
Gentoo,48.4,16.3,220.0,5400.0,MALE,1.0,1.498531824412576,-0.4322792171565821,0.8226237351144382,1.361191180272776,1.0,0.0,0.0
Gentoo,42.6,13.7,213.0,4950.0,FEMALE,1.0,0.9357596238828162,-1.7527281346956876,-0.2428391711689401,0.8619278608958743,1.0,0.0,0.0
Gentoo,44.4,17.3,219.0,5250.0,MALE,1.0,1.3109410909026562,0.075585751127689,0.0878217307810735,1.2898678489332185,1.0,0.0,0.0
Gentoo,44.0,13.6,208.0,4350.0,FEMALE,1.0,0.18539668984313623,-1.8035146315241146,0.014341530347737289,0.5053112041980874,1.0,0.0,0.0
Gentoo,48.7,15.7,208.0,5350.0,MALE,1.0,1.4360015799092694,-0.7369981981271454,0.8777338854394414,0.5053112041980874,1.0,0.0,0.0
Gentoo,42.7,13.7,208.0,3950.0,FEMALE,1.0,-0.31484526618331704,-1.7527281346956876,-0.22446912106060574,0.5053112041980874,1.0,0.0,0.0
Gentoo,49.6,16.0,225.0,5700.0,MALE,1.0,1.8737132914324162,-0.5846387076418638,1.043064336414448,1.717807836970563,1.0,0.0,0.0
Gentoo,45.3,13.7,210.0,4300.0,FEMALE,1.0,0.12286644533982957,-1.7527281346956876,0.2531521817560803,0.6479578668772021,1.0,0.0,0.0
Gentoo,49.6,15.0,216.0,4750.0,MALE,1.0,0.6856386458695896,-1.0925036759261348,1.043064336414448,1.0758978549145464,1.0,0.0,0.0
Gentoo,50.5,15.9,222.0,5550.0,MALE,1.0,1.686122557922496,-0.6354252044702907,1.208394787389455,1.5038378429518908,1.0,0.0,0.0
Gentoo,43.6,13.9,217.0,4900.0,FEMALE,1.0,0.8732293793795095,-1.6511551410388328,-0.05913867008559892,1.1472211862541037,1.0,0.0,0.0
Gentoo,45.5,13.9,210.0,4200.0,FEMALE,1.0,-0.0021940436667837473,-1.6511551410388328,0.2898922819727491,0.6479578668772021,1.0,0.0,0.0
Gentoo,50.5,15.9,225.0,5400.0,MALE,1.0,1.498531824412576,-0.6354252044702907,1.208394787389455,1.717807836970563,1.0,0.0,0.0
Gentoo,44.9,13.3,213.0,5100.0,FEMALE,1.0,1.1233503573927361,-1.9558741220093954,0.1796719813227441,0.8619278608958743,1.0,0.0,0.0
Gentoo,45.2,15.8,215.0,5300.0,MALE,1.0,1.3734713354059627,-0.6862117012987177,0.23478213164774722,1.004574523574989,1.0,0.0,0.0
Gentoo,46.6,14.2,210.0,4850.0,FEMALE,1.0,0.8106991348762028,-1.498795650553552,0.49196283316442463,0.6479578668772021,1.0,0.0,0.0
Gentoo,48.5,14.1,220.0,5300.0,MALE,1.0,1.3734713354059627,-1.549582147381979,0.8409937852227726,1.361191180272776,1.0,0.0,0.0
Gentoo,45.1,14.4,210.0,4400.0,FEMALE,1.0,0.2479269343464429,-1.3972226568966972,0.21641208153941285,0.6479578668772021,1.0,0.0,0.0
Gentoo,50.1,15.0,225.0,5000.0,MALE,1.0,0.9982898683861228,-1.0925036759261348,1.1349145869561188,1.717807836970563,1.0,0.0,0.0
Gentoo,46.5,14.4,217.0,4900.0,FEMALE,1.0,0.8732293793795095,-1.3972226568966972,0.47359278305609026,1.1472211862541037,1.0,0.0,0.0
Gentoo,45.0,15.4,220.0,5050.0,MALE,1.0,1.0608201128894295,-0.8893576886124263,0.19804203143107846,1.361191180272776,1.0,0.0,0.0
Gentoo,43.8,13.9,208.0,4300.0,FEMALE,1.0,0.12286644533982957,-1.6511551410388328,-0.022398569868931472,0.5053112041980874,1.0,0.0,0.0
Gentoo,45.5,15.0,220.0,5000.0,MALE,1.0,0.9982898683861228,-1.0925036759261348,0.2898922819727491,1.361191180272776,1.0,0.0,0.0
Gentoo,43.2,14.5,208.0,4450.0,FEMALE,1.0,0.31045717884974955,-1.3464361600682704,-0.13261887051893514,0.5053112041980874,1.0,0.0,0.0
Gentoo,50.4,15.3,224.0,5550.0,MALE,1.0,1.686122557922496,-0.9401441854408532,1.1900247372811206,1.6464845056310056,1.0,0.0,0.0
Gentoo,45.3,13.8,208.0,4200.0,FEMALE,1.0,-0.0021940436667837473,-1.7019416378672598,0.2531521817560803,0.5053112041980874,1.0,0.0,0.0
Gentoo,46.2,14.9,221.0,5300.0,MALE,1.0,1.3734713354059627,-1.1432901727545617,0.41848263273108843,1.4325145116123335,1.0,0.0,0.0
Gentoo,45.7,13.9,214.0,4400.0,FEMALE,1.0,0.2479269343464429,-1.6511551410388328,0.3266323821894178,0.9332511922354316,1.0,0.0,0.0
Gentoo,54.3,15.7,231.0,5650.0,MALE,1.0,1.8111830469291095,-0.7369981981271454,1.906456691506151,2.1457478250079074,1.0,0.0,0.0
Gentoo,45.8,14.2,219.0,4700.0,FEMALE,1.0,0.6231084013662829,-1.498795650553552,0.3450024322977509,1.2898678489332185,1.0,0.0,0.0
Gentoo,49.8,16.8,230.0,5700.0,MALE,1.0,1.8737132914324162,-0.17834673301444653,1.0798044366311157,2.07442449366835,1.0,0.0,0.0
Gentoo,46.2,14.4,214.0,4650.0,NA,1.0,0.5605781568629762,-1.3972226568966972,0.41848263273108843,0.9332511922354316,1.0,0.0,0.0
Gentoo,49.5,16.2,229.0,5800.0,MALE,1.0,1.9987737804390293,-0.4830657139850099,1.0246942863061137,2.0031011623287927,1.0,0.0,0.0
Gentoo,43.5,14.2,220.0,4700.0,FEMALE,1.0,0.6231084013662829,-1.498795650553552,-0.0775087201939333,1.361191180272776,1.0,0.0,0.0
Gentoo,50.7,15.0,223.0,5550.0,MALE,1.0,1.686122557922496,-1.0925036759261348,1.2451348876061237,1.5751611742914482,1.0,0.0,0.0
Gentoo,47.7,15.0,216.0,4750.0,FEMALE,1.0,0.6856386458695896,-1.0925036759261348,0.6940333843561002,1.0758978549145464,1.0,0.0,0.0
Gentoo,46.4,15.6,221.0,5000.0,MALE,1.0,0.9982898683861228,-0.7877846949555724,0.4552227329477559,1.4325145116123335,1.0,0.0,0.0
Gentoo,48.2,15.6,221.0,5100.0,MALE,1.0,1.1233503573927361,-0.7877846949555724,0.7858836348977708,1.4325145116123335,1.0,0.0,0.0
Gentoo,46.5,14.8,217.0,5200.0,FEMALE,1.0,1.2484108463993495,-1.1940766695829887,0.47359278305609026,1.1472211862541037,1.0,0.0,0.0
Gentoo,46.4,15.0,216.0,4700.0,FEMALE,1.0,0.6231084013662829,-1.0925036759261348,0.4552227329477559,1.0758978549145464,1.0,0.0,0.0
Gentoo,48.6,16.0,230.0,5800.0,MALE,1.0,1.9987737804390293,-0.5846387076418638,0.8593638353311069,2.07442449366835,1.0,0.0,0.0
Gentoo,47.5,14.2,209.0,4600.0,FEMALE,1.0,0.49804791235966955,-1.498795650553552,0.6572932841394314,0.5766345355376448,1.0,0.0,0.0
Gentoo,51.1,16.3,220.0,6000.0,MALE,1.0,2.248894758452256,-0.4322792171565821,1.31861508803946,1.361191180272776,1.0,0.0,0.0
Gentoo,45.2,13.8,215.0,4750.0,FEMALE,1.0,0.6856386458695896,-1.7019416378672598,0.23478213164774722,1.004574523574989,1.0,0.0,0.0
Gentoo,45.2,16.4,223.0,5950.0,MALE,1.0,2.1863645139489494,-0.38149272032815607,0.23478213164774722,1.5751611742914482,1.0,0.0,0.0
Gentoo,49.1,14.5,212.0,4625.0,FEMALE,1.0,0.5293130346113228,-1.3464361600682704,0.9512140858727776,0.7906045295563169,1.0,0.0,0.0
Gentoo,52.5,15.6,221.0,5450.0,MALE,1.0,1.5610620689158827,-0.7877846949555724,1.5757957895561374,1.4325145116123335,1.0,0.0,0.0
Gentoo,47.4,14.6,212.0,4725.0,FEMALE,1.0,0.6543735236179362,-1.2956496632398435,0.6389232340310971,0.7906045295563169,1.0,0.0,0.0
Gentoo,50.0,15.9,224.0,5350.0,MALE,1.0,1.4360015799092694,-0.6354252044702907,1.1165445368477844,1.6464845056310056,1.0,0.0,0.0
Gentoo,44.9,13.8,212.0,4750.0,FEMALE,1.0,0.6856386458695896,-1.7019416378672598,0.1796719813227441,0.7906045295563169,1.0,0.0,0.0
Gentoo,50.8,17.3,228.0,5600.0,MALE,1.0,1.7486528024258028,0.075585751127689,1.2635049377144567,1.931777830989235,1.0,0.0,0.0
Gentoo,43.4,14.4,218.0,4600.0,FEMALE,1.0,0.49804791235966955,-1.3972226568966972,-0.09587877030226769,1.2185445175936611,1.0,0.0,0.0
Gentoo,51.3,14.2,218.0,5300.0,MALE,1.0,1.3734713354059627,-1.498795650553552,1.3553551882561274,1.2185445175936611,1.0,0.0,0.0
Gentoo,47.5,14.0,212.0,4875.0,FEMALE,1.0,0.8419642571278562,-1.600368644210406,0.6572932841394314,0.7906045295563169,1.0,0.0,0.0
Gentoo,52.1,17.0,230.0,5550.0,MALE,1.0,1.686122557922496,-0.07677373935759269,1.502315589122801,2.07442449366835,1.0,0.0,0.0
Gentoo,47.5,15.0,218.0,4950.0,FEMALE,1.0,0.9357596238828162,-1.0925036759261348,0.6572932841394314,1.2185445175936611,1.0,0.0,0.0
Gentoo,52.2,17.1,228.0,5400.0,MALE,1.0,1.498531824412576,-0.02598724252916485,1.5206856392311354,1.931777830989235,1.0,0.0,0.0
Gentoo,45.5,14.5,212.0,4750.0,FEMALE,1.0,0.6856386458695896,-1.3464361600682704,0.2898922819727491,0.7906045295563169,1.0,0.0,0.0
Gentoo,49.5,16.1,224.0,5650.0,MALE,1.0,1.8111830469291095,-0.5338522108134359,1.0246942863061137,1.6464845056310056,1.0,0.0,0.0
Gentoo,44.5,14.7,214.0,4850.0,FEMALE,1.0,0.8106991348762028,-1.2448631664114165,0.10619178088940788,0.9332511922354316,1.0,0.0,0.0
Gentoo,50.8,15.7,226.0,5200.0,MALE,1.0,1.2484108463993495,-0.7369981981271454,1.2635049377144567,1.7891311683101203,1.0,0.0,0.0
Gentoo,49.4,15.8,216.0,4925.0,MALE,1.0,0.9044945016311629,-0.6862117012987177,1.0063242361977793,1.0758978549145464,1.0,0.0,0.0
Gentoo,46.9,14.6,222.0,4875.0,FEMALE,1.0,0.8419642571278562,-1.2956496632398435,0.5470729834894265,1.5038378429518908,1.0,0.0,0.0
Gentoo,48.4,14.4,203.0,4625.0,FEMALE,1.0,0.5293130346113228,-1.3972226568966972,0.8226237351144382,0.14869454750030042,1.0,0.0,0.0
Gentoo,51.1,16.5,225.0,5250.0,MALE,1.0,1.3109410909026562,-0.3307062234997282,1.31861508803946,1.717807836970563,1.0,0.0,0.0
Gentoo,48.5,15.0,219.0,4850.0,FEMALE,1.0,0.8106991348762028,-1.0925036759261348,0.8409937852227726,1.2898678489332185,1.0,0.0,0.0
Gentoo,55.9,17.0,228.0,5600.0,MALE,1.0,1.7486528024258028,-0.07677373935759269,2.2003774932394973,1.931777830989235,1.0,0.0,0.0
Gentoo,47.2,15.5,215.0,4975.0,FEMALE,1.0,0.9670247461344695,-0.8385711917839993,0.6021831338144296,1.004574523574989,1.0,0.0,0.0
Gentoo,49.1,15.0,228.0,5500.0,MALE,1.0,1.6235923134191894,-1.0925036759261348,0.9512140858727776,1.931777830989235,1.0,0.0,0.0
Gentoo,47.3,13.8,216.0,4725.0,NA,1.0,0.6543735236179362,-1.7019416378672598,0.6205531839227627,1.0758978549145464,1.0,0.0,0.0
Gentoo,46.8,16.1,215.0,5500.0,MALE,1.0,1.6235923134191894,-0.5338522108134359,0.5287029333810921,1.004574523574989,1.0,0.0,0.0
Gentoo,41.7,14.7,210.0,4700.0,FEMALE,1.0,0.6231084013662829,-1.2448631664114165,-0.4081696221439469,0.6479578668772021,1.0,0.0,0.0
Gentoo,53.4,15.8,219.0,5500.0,MALE,1.0,1.6235923134191894,-0.6862117012987177,1.741126240531144,1.2898678489332185,1.0,0.0,0.0
Gentoo,43.3,14.0,208.0,4575.0,FEMALE,1.0,0.4667827901080162,-1.600368644210406,-0.11424882041060207,0.5053112041980874,1.0,0.0,0.0
Gentoo,48.1,15.1,209.0,5500.0,MALE,1.0,1.6235923134191894,-1.041717179097708,0.7675135847894364,0.5766345355376448,1.0,0.0,0.0
Gentoo,50.5,15.2,216.0,5000.0,FEMALE,1.0,0.9982898683861228,-0.9909306822692809,1.208394787389455,1.0758978549145464,1.0,0.0,0.0
Gentoo,49.8,15.9,229.0,5950.0,MALE,1.0,2.1863645139489494,-0.6354252044702907,1.0798044366311157,2.0031011623287927,1.0,0.0,0.0
Gentoo,43.5,15.2,213.0,4650.0,FEMALE,1.0,0.5605781568629762,-0.9909306822692809,-0.0775087201939333,0.8619278608958743,1.0,0.0,0.0
Gentoo,51.5,16.3,230.0,5500.0,MALE,1.0,1.6235923134191894,-0.4322792171565821,1.3920952884727962,2.07442449366835,1.0,0.0,0.0
Gentoo,46.2,14.1,217.0,4375.0,FEMALE,1.0,0.21666181209478957,-1.549582147381979,0.41848263273108843,1.1472211862541037,1.0,0.0,0.0
Gentoo,55.1,16.0,230.0,5850.0,MALE,1.0,2.061304024942336,-0.5846387076418638,2.0534170923728245,2.07442449366835,1.0,0.0,0.0
Gentoo,44.5,15.7,217.0,4875.0,.,1.0,0.8419642571278562,-0.7369981981271454,0.10619178088940788,1.1472211862541037,1.0,0.0,0.0
Gentoo,48.8,16.2,222.0,6000.0,MALE,1.0,2.248894758452256,-0.4830657139850099,0.8961039355477745,1.5038378429518908,1.0,0.0,0.0
Gentoo,47.2,13.7,214.0,4925.0,FEMALE,1.0,0.9044945016311629,-1.7527281346956876,0.6021831338144296,0.9332511922354316,1.0,0.0,0.0
Gentoo,43.92192982456142,17.151169590643278,200.91520467836258,4201.754385964912,NA,1.0,-1.1374185215264635E-15,1.8042988198071124E-15,5.22108226401034E-15,-4.054261997882656E-15,1.0,0.0,0.0
Gentoo,46.8,14.3,215.0,4850.0,FEMALE,1.0,0.8106991348762028,-1.4480091537251243,0.5287029333810921,1.004574523574989,1.0,0.0,0.0
Gentoo,50.4,15.7,222.0,5750.0,MALE,1.0,1.9362435359357226,-0.7369981981271454,1.1900247372811206,1.5038378429518908,1.0,0.0,0.0
Gentoo,45.2,14.8,212.0,5200.0,FEMALE,1.0,1.2484108463993495,-1.1940766695829887,0.23478213164774722,0.7906045295563169,1.0,0.0,0.0
Gentoo,49.9,16.1,213.0,5400.0,MALE,1.0,1.498531824412576,-0.5338522108134359,1.09817448673945,0.8619278608958743,1.0,0.0,0.0
